product_id,product_name,price,category_id,shop_id
1806,product_1806,144286.0047,17,4
3736,product_3736,97698.94655,8,11
1299,product_1299,105343.6011,3,95
8529,product_8529,127942.7426,10,62
9306,product_9306,70099.71091,14,51
9328,product_9328,111533.846,12,24
7777,product_7777,74570.67493,5,86
2527,product_2527,60126.83897,3,52
1362,product_1362,112187.7039,1,74
4487,product_4487,149631.5386,4,71
6632,product_6632,62936.68882,6,1
4950,product_4950,58661.07264,7,17
2220,product_2220,75483.16081,19,52
2809,product_2809,103641.4379,8,60
4041,product_4041,53152.58634,7,89
2156,product_2156,141856.0876,6,81
8328,product_8328,79562.18917,16,61
5355,product_5355,50478.19328,10,49
2038,product_2038,124962.3859,15,10
5189,product_5189,65188.31371,15,32
9084,product_9084,51820.90128,20,16
6831,product_6831,94118.99679,17,99
5845,product_5845,148892.3131,10,48
2019,product_2019,141954.2305,6,41
2598,product_2598,127631.8446,1,89
735,product_735,141288.1369,2,74
725,product_725,143102.5535,15,14
1560,product_1560,132049.9909,13,99
2860,product_2860,58071.78201,4,72
7011,product_7011,79280.72773,19,15
5484,product_5484,64795.97755,11,26
9448,product_9448,112456.1693,19,50
5724,product_5724,88279.28524,20,18
830,product_830,98936.34326,11,29
8576,product_8576,87122.43226,12,73
9025,product_9025,85936.681,7,69
2504,product_2504,135438.663,10,35
9510,product_9510,69086.60223,16,100
2952,product_2952,82374.69742,15,63
5134,product_5134,91219.3784,18,14
3031,product_3031,128173.1712,11,37
8358,product_8358,106734.3741,1,17
2406,product_2406,96850.85391,6,84
6010,product_6010,68335.44527,14,61
9322,product_9322,53371.90158,1,69
4807,product_4807,97206.60313,17,83
5388,product_5388,128514.4534,6,66
4199,product_4199,80527.29668,13,87
4584,product_4584,75362.04917,18,99
4726,product_4726,80313.61436,17,27
5699,product_5699,93673.0438,8,17
2999,product_2999,126071.1821,14,90
1143,product_1143,134064.548,4,87
3650,product_3650,124348.5116,15,77
3029,product_3029,57324.60388,13,42
9218,product_9218,88190.60025,14,32
7242,product_7242,62319.84776,13,51
6900,product_6900,144990.0313,19,18
3889,product_3889,53063.74786,17,68
1219,product_1219,144200.1607,17,100
3052,product_3052,149505.3138,4,74
5132,product_5132,95663.09217,3,13
9750,product_9750,136258.4861,9,47
5338,product_5338,134204.0807,19,6
8977,product_8977,114148.8741,5,53
8339,product_8339,145437.8861,12,64
2321,product_2321,77741.32236,12,9
3458,product_3458,93572.84966,19,62
8210,product_8210,78110.63884,12,32
7692,product_7692,137866.4654,9,67
8847,product_8847,90125.43453,3,60
6349,product_6349,134609.3412,4,44
7148,product_7148,139865.9147,3,22
9275,product_9275,145866.311,17,48
1734,product_1734,110803.9263,16,99
4879,product_4879,124234.484,19,31
7519,product_7519,137044.0437,2,30
5405,product_5405,63321.37815,1,51
9266,product_9266,75572.70258,19,1
7602,product_7602,72139.23012,8,5
8175,product_8175,94701.9288,3,67
9548,product_9548,57940.17477,10,35
1544,product_1544,96120.53237,17,96
3423,product_3423,124038.8678,19,49
7533,product_7533,78935.68226,17,89
9441,product_9441,116525.6749,6,42
1809,product_1809,102113.9397,13,93
9310,product_9310,76145.32073,5,40
2152,product_2152,104677.5126,13,70
7651,product_7651,79905.12914,8,64
6176,product_6176,87639.25505,6,57
4300,product_4300,75887.80655,17,56
8752,product_8752,61015.90183,14,45
3343,product_3343,110752.6689,10,74
8325,product_8325,92606.3815,3,26
2153,product_2153,92857.67225,1,63
4883,product_4883,82460.26661,12,69
8978,product_8978,115164.4251,3,94
8788,product_8788,95734.36473,1,32
4200,product_4200,131784.7727,9,14
7833,product_7833,111673.9801,19,26
653,product_653,95688.36691,13,63
8814,product_8814,76106.60675,3,58
1062,product_1062,149430.3024,15,84
2419,product_2419,129451.2293,19,52
4347,product_4347,68442.70358,19,61
2798,product_2798,97970.84679,19,37
7237,product_7237,69695.51082,15,35
8628,product_8628,97711.62906,6,48
1297,product_1297,148377.2209,18,65
1218,product_1218,99966.15684,19,78
9392,product_9392,54348.74562,16,24
4710,product_4710,54491.8623,5,39
3094,product_3094,56427.64794,16,66
2470,product_2470,81209.50738,5,80
9741,product_9741,128466.6249,2,95
6208,product_6208,79221.80938,4,14
5921,product_5921,109613.3866,2,63
893,product_893,73987.15395,13,11
6694,product_6694,82736.74721,7,26
5953,product_5953,97800.73121,8,21
7774,product_7774,89656.45997,13,89
4426,product_4426,61397.36883,20,33
9196,product_9196,137475.3108,11,50
8828,product_8828,69287.34538,18,26
2549,product_2549,100337.8799,12,43
7763,product_7763,60611.95687,9,33
1246,product_1246,65961.30817,12,16
4476,product_4476,89790.83889,8,2
5637,product_5637,64956.14883,5,51
4727,product_4727,126226.7143,1,17
9337,product_9337,141912.1358,16,47
6522,product_6522,141633.0249,9,18
7362,product_7362,104058.3959,4,54
8991,product_8991,64139.54038,15,42
8475,product_8475,117922.2733,14,69
9589,product_9589,51124.91799,7,14
6574,product_6574,112116.7543,5,34
1126,product_1126,87412.91164,18,81
4203,product_4203,98355.67802,1,38
8128,product_8128,135763.9566,6,65
4808,product_4808,62824.97442,3,71
8256,product_8256,53518.85047,13,91
8934,product_8934,140519.1705,14,27
7973,product_7973,124484.5753,6,84
717,product_717,132307.2995,6,32
9139,product_9139,134256.2978,6,46
5862,product_5862,67995.14127,3,38
9807,product_9807,132871.8284,17,80
4639,product_4639,127802.6262,16,65
9354,product_9354,99585.92626,4,11
6955,product_6955,50672.05026,1,96
772,product_772,94978.36105,18,71
8823,product_8823,74402.75304,11,34
5919,product_5919,53233.34786,8,48
8377,product_8377,83544.66785,18,8
5401,product_5401,54617.09296,12,34
2281,product_2281,83620.74282,13,53
2066,product_2066,82659.26919,10,91
9031,product_9031,74956.56881,8,35
3016,product_3016,98825.36769,2,33
7508,product_7508,95551.36975,3,49
654,product_654,112740.3225,2,46
3076,product_3076,115453.7283,15,78
3663,product_3663,80500.48565,13,55
8677,product_8677,148858.0759,6,68
9805,product_9805,93491.47176,19,42
5583,product_5583,72144.89849,8,8
3958,product_3958,123460.6168,14,68
8840,product_8840,117147.4116,15,87
7567,product_7567,129693.7701,19,62
8802,product_8802,91059.77283,3,84
4165,product_4165,91706.47281,16,39
3492,product_3492,125190.4092,18,56
9564,product_9564,95685.23129,17,38
9001,product_9001,141072.3476,5,48
2930,product_2930,71894.35582,5,64
2534,product_2534,58944.58022,13,8
2480,product_2480,64328.56605,10,31
7396,product_7396,101800.1151,20,22
7781,product_7781,97563.71314,11,57
2951,product_2951,95967.9545,17,13
6465,product_6465,88452.39938,20,99
2301,product_2301,101221.3769,9,45
3422,product_3422,59990.41157,1,46
798,product_798,146730.1314,9,7
1423,product_1423,96214.36811,13,43
6403,product_6403,70270.4212,4,23
7012,product_7012,122059.1315,16,28
5672,product_5672,149328.7364,9,7
1455,product_1455,115013.9286,14,5
6584,product_6584,54555.52239,15,82
4416,product_4416,107777.9241,1,7
9731,product_9731,54504.24874,14,44
3058,product_3058,90782.35013,13,79
5055,product_5055,111485.6922,14,52
2064,product_2064,122218.1473,12,83
5982,product_5982,64135.6781,15,18
2691,product_2691,109026.4828,8,26
3144,product_3144,143926.1525,1,92
1633,product_1633,119824.1194,1,65
9053,product_9053,126784.6332,11,67
8826,product_8826,66859.10498,4,51
2296,product_2296,110668.0975,20,93
6903,product_6903,60010.84374,16,30
5115,product_5115,53273.19863,2,54
4549,product_4549,130266.5385,9,27
4841,product_4841,68427.14592,6,35
4543,product_4543,105946.2681,1,45
1000,product_1000,120679.3024,4,45
855,product_855,144831.5445,5,16
5771,product_5771,126983.7232,18,26
5359,product_5359,142105.9255,13,22
8927,product_8927,69077.98132,18,81
3930,product_3930,82186.35063,3,70
2438,product_2438,139666.2823,1,66
3245,product_3245,92482.88409,12,78
6798,product_6798,54520.59438,7,83
706,product_706,103613.2216,8,100
5874,product_5874,131610.0206,3,72
4542,product_4542,74278.47034,16,75
4745,product_4745,100693.9764,14,77
4980,product_4980,116075.4779,15,70
4327,product_4327,146524.2221,1,92
6813,product_6813,96730.92026,13,21
4138,product_4138,139989.0203,10,100
2781,product_2781,141959.3148,5,21
7501,product_7501,83520.01206,15,12
5625,product_5625,138184.9024,19,100
4080,product_4080,96897.25931,16,88
985,product_985,104024.1088,5,90
1919,product_1919,109131.3404,12,34
2481,product_2481,91313.2075,9,30
3344,product_3344,100844.4311,2,28
4249,product_4249,127395.9528,18,50
3706,product_3706,119737.9786,10,99
8432,product_8432,100127.4038,1,70
7998,product_7998,62629.56514,6,12
5478,product_5478,79431.04424,19,97
4034,product_4034,74989.32609,14,60
8829,product_8829,106464.2129,4,77
9662,product_9662,118509.9976,7,65
5082,product_5082,80714.72358,8,4
658,product_658,80880.98747,17,7
5004,product_5004,136352.91,6,96
8331,product_8331,110263.6042,15,15
5126,product_5126,112728.1411,17,64
5902,product_5902,145411.718,3,70
9389,product_9389,52056.20985,2,63
4927,product_4927,142283.438,9,15
8230,product_8230,134691.4429,3,18
9180,product_9180,134123.1719,7,85
6435,product_6435,148642.5313,15,64
4183,product_4183,103426.8452,7,6
825,product_825,146344.9791,15,52
4614,product_4614,93793.19252,14,60
6612,product_6612,121167.3053,3,65
2664,product_2664,55320.55618,15,22
7860,product_7860,120709.8235,11,50
6410,product_6410,104188.2531,3,16
6751,product_6751,72144.16529,13,79
2255,product_2255,126736.9583,18,3
1814,product_1814,85233.93912,13,22
5527,product_5527,122732.8204,14,97
1969,product_1969,96250.91041,1,65
1025,product_1025,59076.07411,2,80
2556,product_2556,124278.8276,1,35
5217,product_5217,144578.8287,5,51
2601,product_2601,103006.4867,12,11
7201,product_7201,94641.09248,8,81
3974,product_3974,87020.61476,6,49
5736,product_5736,80001.93574,19,77
7959,product_7959,143108.8693,16,34
2146,product_2146,115515.7775,13,75
4939,product_4939,109072.6391,8,89
6911,product_6911,94271.4004,10,80
7518,product_7518,126275.1361,7,50
2983,product_2983,86602.26654,6,41
3543,product_3543,118092.7595,14,92
4743,product_4743,98359.83908,16,30
1785,product_1785,140836.9486,20,27
1263,product_1263,138243.074,1,54
4014,product_4014,135119.2879,4,77
9930,product_9930,138518.7588,10,80
5601,product_5601,119662.8195,20,60
1569,product_1569,123512.5755,16,84
8895,product_8895,119698.9952,1,98
7030,product_7030,94422.83999,17,99
9329,product_9329,75581.82629,5,30
5332,product_5332,109051.6437,5,1
962,product_962,101062.5828,2,37
5638,product_5638,141250.4227,16,74
3384,product_3384,64640.68484,15,61
5706,product_5706,107656.961,13,1
6823,product_6823,142964.9533,7,94
2991,product_2991,75966.08304,6,2
9393,product_9393,133631.3406,9,92
6075,product_6075,51902.88817,20,53
3594,product_3594,137248.5764,9,91
4382,product_4382,84673.2571,13,59
8524,product_8524,80997.82653,13,9
3317,product_3317,69786.4168,15,87
8625,product_8625,124629.8372,10,86
1612,product_1612,99894.43924,10,42
6538,product_6538,134590.7016,10,12
9879,product_9879,112909.3261,4,24
8956,product_8956,111384.6112,1,15
7283,product_7283,109427.9298,1,27
8193,product_8193,136748.0539,8,85
4031,product_4031,56952.40553,2,40
2592,product_2592,81981.33683,2,82
3514,product_3514,117814.5655,20,8
3073,product_3073,80033.36029,17,81
9553,product_9553,98119.38471,11,52
2542,product_2542,124589.5618,3,20
4545,product_4545,130084.0676,16,27
9550,product_9550,129044.6353,2,9
4277,product_4277,140374.051,15,87
6255,product_6255,85450.52549,4,74
2181,product_2181,62067.62005,17,92
6919,product_6919,54201.72545,16,28
3296,product_3296,135732.6717,20,92
5946,product_5946,80880.85472,15,90
5019,product_5019,115621.5347,10,39
8954,product_8954,77134.27975,17,83
1991,product_1991,92413.99566,13,71
8361,product_8361,120815.1307,12,11
8308,product_8308,118037.5595,7,48
3215,product_3215,65858.52635,18,78
9047,product_9047,148386.7318,13,29
5156,product_5156,123924.7159,10,95
5384,product_5384,78461.76245,18,94
8579,product_8579,109386.907,15,27
9131,product_9131,75654.8973,12,77
4393,product_4393,124180.0914,7,13
6301,product_6301,72817.37781,2,81
4305,product_4305,97799.67442,13,18
3540,product_3540,139459.2258,12,15
8242,product_8242,66335.77533,15,97
8764,product_8764,62386.99374,18,73
6107,product_6107,119552.8599,11,83
6369,product_6369,68477.54558,15,50
8150,product_8150,74716.56125,9,93
933,product_933,65308.71849,12,7
876,product_876,113765.4976,2,90
7404,product_7404,136049.5428,15,86
6629,product_6629,94365.68363,1,34
3622,product_3622,103143.7417,3,22
6356,product_6356,118989.8736,14,60
9260,product_9260,139471.896,7,5
4330,product_4330,83212.94982,13,49
6222,product_6222,68025.28771,4,96
7002,product_7002,101170.1557,6,64
7492,product_7492,72555.7313,8,26
9064,product_9064,60320.98746,7,68
7614,product_7614,122750.8116,2,40
2637,product_2637,130069.7144,11,71
4700,product_4700,89846.12729,9,46
8315,product_8315,82236.54625,20,82
9235,product_9235,71264.51563,3,21
3749,product_3749,87006.62793,12,83
6552,product_6552,125115.4168,8,81
7069,product_7069,64533.23139,13,99
5900,product_5900,125721.4443,14,60
7315,product_7315,86455.18136,16,100
5507,product_5507,85555.85857,16,8
5433,product_5433,87788.30844,18,18
8491,product_8491,120069.8566,20,9
6363,product_6363,127093.7439,20,49
9376,product_9376,82059.16508,5,53
9667,product_9667,50145.72795,4,25
4357,product_4357,145497.9499,16,36
2112,product_2112,93553.26544,3,89
5372,product_5372,133745.1347,19,77
9908,product_9908,58013.68512,3,99
6497,product_6497,58572.45495,18,80
2191,product_2191,95949.9128,4,98
2444,product_2444,142422.8984,12,3
6885,product_6885,103371.8976,11,76
1075,product_1075,149617.1474,5,91
2823,product_2823,72072.39082,15,63
9003,product_9003,106145.681,12,74
2171,product_2171,109504.1518,12,77
6119,product_6119,68259.40684,13,72
6844,product_6844,99243.1388,2,67
7253,product_7253,129978.1468,7,18
4115,product_4115,113948.7119,9,97
6907,product_6907,72445.17413,20,6
3375,product_3375,133018.6798,16,37
5956,product_5956,100179.0832,14,16
7629,product_7629,116495.9427,6,72
2497,product_2497,120942.4536,8,62
9615,product_9615,60032.8924,10,42
2670,product_2670,65541.79735,18,96
4038,product_4038,126400.5864,13,1
1377,product_1377,146491.0453,8,32
688,product_688,137925.0517,1,21
2494,product_2494,130020.3952,14,47
8624,product_8624,82622.27885,3,93
8900,product_8900,110359.8828,20,89
7539,product_7539,109366.9808,6,15
5291,product_5291,122170.6442,13,27
2108,product_2108,138758.1231,3,60
3972,product_3972,149310.3532,18,50
9876,product_9876,65201.1056,12,62
4323,product_4323,104986.3095,6,6
5678,product_5678,94962.96884,5,76
9810,product_9810,94887.41238,18,11
4394,product_4394,145988.9172,15,66
5529,product_5529,146939.3093,6,53
3439,product_3439,72317.01362,10,11
4943,product_4943,134114.3865,8,30
8489,product_8489,107934.5146,13,4
3808,product_3808,65508.91932,12,68
5036,product_5036,118554.4445,6,63
5615,product_5615,96669.3378,2,76
9715,product_9715,98911.51567,12,86
3549,product_3549,147382.3942,14,24
3078,product_3078,82862.9859,13,9
5906,product_5906,147172.2659,3,54
6243,product_6243,96792.12149,10,53
6832,product_6832,63727.30983,16,93
837,product_837,149707.0203,11,50
683,product_683,92517.07595,7,85
4489,product_4489,97032.38281,13,36
8049,product_8049,88467.71797,17,74
9197,product_9197,66132.54343,20,28
8536,product_8536,99775.05024,13,30
6862,product_6862,57368.57416,13,81
5884,product_5884,107584.7555,15,6
1171,product_1171,133664.3884,1,28
1863,product_1863,88073.09916,13,40
5171,product_5171,141168.1673,15,35
8177,product_8177,98863.34347,12,73
5541,product_5541,68707.91762,13,39
5476,product_5476,103746.6843,10,66
2394,product_2394,83150.91635,2,49
7528,product_7528,73946.76227,7,91
2142,product_2142,136736.2147,7,56
1392,product_1392,74877.1494,18,84
7909,product_7909,54345.76647,15,54
2707,product_2707,52143.61685,19,100
1307,product_1307,104752.147,5,97
4599,product_4599,92196.01137,6,82
9124,product_9124,84424.03057,7,59
3722,product_3722,110139.3401,4,58
5415,product_5415,127544.3584,17,73
9504,product_9504,91410.07974,8,26
9923,product_9923,104745.3069,10,61
6461,product_6461,135380.2517,20,68
2051,product_2051,65340.78318,14,48
2450,product_2450,108467.3647,20,53
9458,product_9458,68047.71197,3,94
1815,product_1815,116280.1732,19,24
4424,product_4424,55357.04755,8,45
773,product_773,114898.3107,15,25
944,product_944,129369.834,15,80
1493,product_1493,100924.1071,4,22
9939,product_9939,130480.4507,13,73
1199,product_1199,84227.25063,9,24
1752,product_1752,112296.3203,10,11
4319,product_4319,145648.3367,13,48
4460,product_4460,104561.3651,18,24
9486,product_9486,108802.8993,12,79
5801,product_5801,121444.8964,20,88
5749,product_5749,96511.54081,6,54
7868,product_7868,58079.96882,1,21
5181,product_5181,121810.631,1,51
2833,product_2833,129551.5536,2,40
4057,product_4057,86883.31545,7,40
8200,product_8200,111396.9768,9,62
6945,product_6945,54592.90929,3,99
3886,product_3886,112491.4992,18,8
7741,product_7741,130089.0807,6,31
6456,product_6456,121904.3973,17,56
7674,product_7674,67519.97085,20,55
2972,product_2972,97158.48904,9,51
4859,product_4859,106546.4008,4,2
6981,product_6981,64254.52386,7,45
1735,product_1735,57850.7748,1,88
7206,product_7206,111232.6023,2,68
4944,product_4944,61652.32544,15,12
1489,product_1489,52947.09081,13,43
4764,product_4764,105030.1712,1,90
9786,product_9786,90407.44208,4,91
4370,product_4370,132793.289,16,72
1530,product_1530,71629.15739,16,10
3193,product_3193,132880.0625,19,72
1945,product_1945,61104.89113,15,86
1988,product_1988,145448.536,14,22
1861,product_1861,120408.3069,6,100
9106,product_9106,110129.6735,13,40
8123,product_8123,64210.67152,15,98
6654,product_6654,70838.01499,11,98
5281,product_5281,108075.4436,12,74
9293,product_9293,102027.7491,4,85
5085,product_5085,106045.0042,16,29
8636,product_8636,75027.37711,7,70
2608,product_2608,121341.7064,17,89
2298,product_2298,102914.6375,13,34
8887,product_8887,82025.78461,16,62
4591,product_4591,119525.0826,15,79
7366,product_7366,68866.74008,16,47
5064,product_5064,57610.69185,5,98
9011,product_9011,117782.9904,9,24
6373,product_6373,57053.67316,11,70
3718,product_3718,75559.38074,14,89
2525,product_2525,93908.25123,3,8
6327,product_6327,102546.9927,17,26
5426,product_5426,125995.3222,12,80
5554,product_5554,76602.0662,6,87
4496,product_4496,149623.323,3,85
7549,product_7549,75209.30904,9,38
7284,product_7284,57582.82374,20,3
3088,product_3088,70022.23035,4,6
3412,product_3412,83390.20533,9,78
1585,product_1585,90476.65234,3,99
2801,product_2801,149655.1147,20,61
3294,product_3294,67762.19625,15,50
6865,product_6865,138233.2449,6,53
9607,product_9607,59335.03589,20,30
1056,product_1056,126018.2799,11,30
7995,product_7995,88614.18437,16,28
1324,product_1324,144181.3009,4,38
1350,product_1350,126947.0211,4,20
2331,product_2331,121998.2337,6,38
4518,product_4518,75679.13401,11,25
804,product_804,126150.8778,12,12
9897,product_9897,101876.9672,7,64
5226,product_5226,118582.4455,9,20
8964,product_8964,126601.0672,11,71
8135,product_8135,54697.21584,6,74
8573,product_8573,113057.0745,3,97
6355,product_6355,142764.8174,5,81
7934,product_7934,122393.2298,20,96
6490,product_6490,81236.70953,18,26
8252,product_8252,111846.8687,20,34
9194,product_9194,56337.33743,20,51
2203,product_2203,72630.54055,1,10
5550,product_5550,63944.79447,5,59
2231,product_2231,93103.79473,18,43
7593,product_7593,116393.0286,4,36
5449,product_5449,107633.7252,5,54
9919,product_9919,66629.80393,17,25
3176,product_3176,74161.98057,16,55
6822,product_6822,74858.15844,6,69
1631,product_1631,110741.6397,10,6
935,product_935,74869.24972,11,37
4409,product_4409,132927.8769,8,33
1064,product_1064,110603.268,14,23
3374,product_3374,131166.4146,12,21
7409,product_7409,58331.01131,16,46
9382,product_9382,117320.0344,11,48
2505,product_2505,113741.654,17,79
8787,product_8787,53407.77064,8,72
702,product_702,111250.7323,2,62
2093,product_2093,145484.029,8,58
2379,product_2379,119602.8851,4,92
2351,product_2351,84279.88729,4,70
5072,product_5072,133285.9044,9,16
1517,product_1517,99079.76961,2,33
3684,product_3684,147064.5827,11,98
2162,product_2162,99014.87845,13,14
4362,product_4362,72360.30907,20,42
2935,product_2935,146060.6393,7,38
1411,product_1411,142153.0817,18,100
7731,product_7731,91035.49434,17,3
4478,product_4478,146797.6742,9,80
7364,product_7364,111695.0777,8,22
905,product_905,141015.6809,12,23
5324,product_5324,143279.5311,6,21
5283,product_5283,106912.7759,5,63
6935,product_6935,83412.48702,6,9
1737,product_1737,84745.69639,13,26
1315,product_1315,113129.5137,18,20
4633,product_4633,117610.3132,13,64
8622,product_8622,88583.97618,8,62
5857,product_5857,58711.2467,19,91
8568,product_8568,129411.485,10,84
8364,product_8364,76636.85275,7,57
8133,product_8133,137246.8594,15,34
3411,product_3411,74541.49705,3,10
1647,product_1647,73759.35933,16,18
7742,product_7742,81585.14264,3,45
5310,product_5310,144634.2153,4,29
5196,product_5196,107065.5536,15,15
9148,product_9148,50269.81463,3,50
2475,product_2475,52150.91754,3,59
7183,product_7183,56218.12153,5,79
4508,product_4508,84336.91728,15,5
8192,product_8192,139319.3094,12,63
3032,product_3032,96201.66339,19,16
4241,product_4241,138504.384,9,15
5241,product_5241,90458.11898,20,3
848,product_848,92117.19589,15,6
4240,product_4240,52996.14208,2,23
4301,product_4301,87430.56877,13,45
7124,product_7124,91403.31127,2,47
9086,product_9086,51758.04869,5,54
3544,product_3544,124963.8926,12,18
6153,product_6153,88025.85129,18,99
8947,product_8947,88464.5485,6,93
2300,product_2300,65630.09934,9,18
8699,product_8699,103348.0852,4,88
2733,product_2733,94057.7795,16,60
7475,product_7475,51646.37659,13,4
4066,product_4066,54596.09321,4,9
4785,product_4785,60237.57095,1,58
6479,product_6479,61767.67907,17,29
686,product_686,125506.7506,11,59
3042,product_3042,83614.07014,2,20
3013,product_3013,56925.25003,2,51
7649,product_7649,144334.7044,18,77
6523,product_6523,96231.19198,11,26
2046,product_2046,69478.03338,4,69
6402,product_6402,103079.9625,4,13
8692,product_8692,121904.7752,11,100
1822,product_1822,104549.2222,8,83
2546,product_2546,125991.5194,11,86
9471,product_9471,116540.3569,14,56
6437,product_6437,137097.8626,20,22
4110,product_4110,107702.7797,17,86
9666,product_9666,64302.25645,10,34
1135,product_1135,112912.8269,15,80
1875,product_1875,122218.8359,14,19
9520,product_9520,94453.68371,17,41
5730,product_5730,69814.56776,1,49
4882,product_4882,104344.2489,13,50
1475,product_1475,118719.6823,1,6
3152,product_3152,70082.99548,20,4
661,product_661,83756.41092,10,86
2065,product_2065,141491.7358,1,97
5760,product_5760,73231.98572,7,94
7457,product_7457,126433.9505,14,14
3734,product_3734,64849.82943,13,37
6292,product_6292,60168.12204,9,44
4642,product_4642,128286.9633,7,27
2966,product_2966,122468.2861,10,54
7342,product_7342,106752.9307,7,12
5831,product_5831,144453.079,13,53
3051,product_3051,59538.22649,6,22
1496,product_1496,68185.6595,2,78
5174,product_5174,129342.1613,18,89
833,product_833,143579.1208,1,76
2486,product_2486,139223.3153,14,6
9826,product_9826,82698.85127,19,56
7100,product_7100,62442.22702,6,71
8858,product_8858,72534.71609,14,69
8438,product_8438,140516.372,14,60
3834,product_3834,76149.67567,13,71
6216,product_6216,82919.19618,9,55
7478,product_7478,95247.70809,5,84
3222,product_3222,55671.55402,9,28
3954,product_3954,90858.41779,3,20
6391,product_6391,109632.7542,1,57
3508,product_3508,148324.3352,11,46
2089,product_2089,114822.5149,6,39
2864,product_2864,87204.00092,5,20
3978,product_3978,133933.9033,18,31
6381,product_6381,133482.9712,8,3
3194,product_3194,76939.63489,19,75
704,product_704,134620.6728,20,80
3189,product_3189,67637.89883,6,12
1996,product_1996,96720.49608,8,98
2858,product_2858,148006.2954,16,26
8608,product_8608,53656.45136,12,42
5649,product_5649,101331.517,19,39
3126,product_3126,123740.5255,18,31
2055,product_2055,61409.53974,13,71
8907,product_8907,91656.3666,1,40
1022,product_1022,142985.122,7,96
9287,product_9287,130427.2367,12,88
941,product_941,137190.6151,20,76
4125,product_4125,100388.0069,17,77
7721,product_7721,145063.6317,12,9
2264,product_2264,99870.54288,12,29
1880,product_1880,128064.3609,18,79
4638,product_4638,60679.59506,6,24
3909,product_3909,144318.1513,11,69
4706,product_4706,136764.0922,13,67
3989,product_3989,52257.21334,8,83
2292,product_2292,51239.7545,18,22
3240,product_3240,50039.59033,4,75
6084,product_6084,126667.617,10,81
6571,product_6571,114622.764,4,3
8772,product_8772,87307.09943,19,82
2830,product_2830,58775.38843,14,52
4885,product_4885,139646.8416,4,92
3554,product_3554,145279.4894,8,14
1558,product_1558,146091.8064,14,98
6738,product_6738,100577.4641,6,23
1990,product_1990,138544.8646,16,71
3267,product_3267,76484.35049,11,63
2917,product_2917,64298.50831,9,9
947,product_947,88209.54504,3,37
8878,product_8878,69750.92485,11,78
7189,product_7189,131196.6849,9,3
2502,product_2502,146945.7426,15,81
6096,product_6096,89766.32807,4,25
9492,product_9492,87509.68958,17,73
9335,product_9335,106231.6322,10,41
7972,product_7972,138096.7485,9,57
7279,product_7279,132558.5761,14,78
1740,product_1740,111887.4878,6,81
7197,product_7197,87105.54712,2,40
764,product_764,136081.4397,1,18
3465,product_3465,53559.9393,8,90
3114,product_3114,51399.25193,19,1
5427,product_5427,103635.5808,11,8
8329,product_8329,52073.48651,20,81
5645,product_5645,118115.9354,9,12
7698,product_7698,132157.5759,2,29
3350,product_3350,105491.828,19,13
4922,product_4922,133462.6486,9,18
6693,product_6693,125347.8248,13,6
1702,product_1702,56294.50705,2,30
1571,product_1571,85652.01879,6,80
1912,product_1912,89131.55515,7,39
2528,product_2528,147925.2552,9,19
7982,product_7982,56546.14491,16,12
3968,product_3968,124357.6376,3,77
7217,product_7217,69374.36663,5,42
9054,product_9054,115515.7524,2,48
6306,product_6306,63545.95726,4,46
2409,product_2409,69727.68902,13,26
1118,product_1118,132193.9399,8,33
5479,product_5479,92328.5003,10,20
1212,product_1212,86045.03069,3,19
5282,product_5282,93190.30065,15,32
4408,product_4408,108676.753,11,61
1901,product_1901,69107.55513,8,21
1976,product_1976,106301.2056,9,21
8005,product_8005,54986.83413,9,94
6367,product_6367,108150.929,4,29
8865,product_8865,80711.02279,13,5
7950,product_7950,136602.9316,12,98
8919,product_8919,71496.17327,9,31
696,product_696,95295.3011,17,74
6663,product_6663,92194.71892,20,59
4483,product_4483,144797.4605,12,63
8281,product_8281,93210.80414,20,96
1226,product_1226,146381.2655,3,58
5399,product_5399,51302.39472,17,35
2743,product_2743,96118.09691,12,75
4103,product_4103,101838.6692,5,74
3822,product_3822,146064.3961,7,49
4482,product_4482,74494.58518,13,64
9320,product_9320,83186.11814,12,86
1725,product_1725,106781.8844,8,64
2479,product_2479,93509.04225,15,28
6232,product_6232,83080.67739,10,19
1178,product_1178,73275.48813,4,73
6807,product_6807,88221.38701,15,3
8871,product_8871,148362.4936,13,65
8409,product_8409,131412.6318,7,57
6770,product_6770,101351.7883,7,19
1213,product_1213,139760.634,20,33
3418,product_3418,133548.4717,2,72
8270,product_8270,103844.6161,10,99
5002,product_5002,67947.58562,19,65
5444,product_5444,97603.36239,18,70
3488,product_3488,94880.99469,5,90
9837,product_9837,65886.06024,6,28
3990,product_3990,143111.7706,17,3
748,product_748,81043.7528,1,26
9875,product_9875,94458.24057,18,78
900,product_900,58612.03546,19,25
7243,product_7243,92601.05531,4,12
1739,product_1739,113680.9933,14,9
7324,product_7324,139908.7885,12,76
823,product_823,110032.9142,8,86
1494,product_1494,91696.01742,1,89
9745,product_9745,56730.91499,5,44
1700,product_1700,57897.40606,13,40
4892,product_4892,111350.4659,13,46
4160,product_4160,92740.19265,8,73
5936,product_5936,52150.16926,8,65
2518,product_2518,111010.6852,2,48
660,product_660,120826.3497,6,61
3165,product_3165,131043.4483,8,86
9454,product_9454,56659.92494,17,68
6312,product_6312,132139.7691,5,4
910,product_910,134247.4703,2,86
9858,product_9858,58219.30181,12,100
7371,product_7371,76947.31151,18,59
2035,product_2035,63804.90558,4,16
1619,product_1619,71011.50665,16,80
9318,product_9318,75776.72494,14,65
2072,product_2072,108966.5751,7,61
2674,product_2674,138261.0006,1,43
6115,product_6115,125712.3009,15,86
5015,product_5015,130525.9787,18,59
4629,product_4629,123387.6059,17,33
7240,product_7240,59321.32669,18,24
7400,product_7400,66360.60434,8,29
9346,product_9346,78672.67037,7,54
8345,product_8345,84069.97131,8,52
5516,product_5516,111841.0638,5,33
1971,product_1971,141443.6531,13,29
978,product_978,114577.3763,12,46
5887,product_5887,116880.6294,15,74
5122,product_5122,121779.6855,9,46
6791,product_6791,105745.5916,12,60
3611,product_3611,141134.0108,10,63
6504,product_6504,94133.68141,14,62
2869,product_2869,120710.0774,10,51
4086,product_4086,138520.1688,6,41
4998,product_4998,101098.0367,20,92
1168,product_1168,110655.8207,7,95
6927,product_6927,143270.9261,14,98
1222,product_1222,105322.0164,16,44
1262,product_1262,88899.21599,2,67
5409,product_5409,94494.30156,12,83
6761,product_6761,98581.53943,6,96
655,product_655,79763.06039,5,60
4993,product_4993,95888.25973,7,60
975,product_975,114711.5222,14,68
8206,product_8206,100277.4766,16,48
9729,product_9729,123963.9936,10,17
7497,product_7497,53352.99917,9,51
9464,product_9464,137085.649,2,59
7757,product_7757,144552.9087,1,87
8566,product_8566,98217.1301,8,52
4647,product_4647,82789.384,4,34
8072,product_8072,80009.07087,8,20
7302,product_7302,116279.9053,19,75
1860,product_1860,89485.81654,10,2
9863,product_9863,55734.1294,18,52
8347,product_8347,92106.50827,13,89
4104,product_4104,121769.9928,2,77
5245,product_5245,137885.8948,2,63
4411,product_4411,138492.0752,1,82
2021,product_2021,78889.39595,20,14
3420,product_3420,139964.4698,9,33
7887,product_7887,89258.96432,6,24
7752,product_7752,138086.7076,15,28
7264,product_7264,100868.1773,5,66
5692,product_5692,118102.6597,3,32
3157,product_3157,110868.8775,15,28
2447,product_2447,75943.36461,11,92
7875,product_7875,65034.06627,8,69
4338,product_4338,74186.61509,7,95
1147,product_1147,55692.54637,6,100
7010,product_7010,112530.5222,18,94
7841,product_7841,86974.98292,17,75
6215,product_6215,68271.48673,19,8
7745,product_7745,115363.6777,19,67
7657,product_7657,142041.561,14,41
7635,product_7635,140447.2776,1,56
9788,product_9788,78639.21436,14,19
7971,product_7971,50504.78738,4,27
6703,product_6703,105906.1856,4,50
9478,product_9478,124874.7044,8,25
3408,product_3408,87181.70025,15,99
8780,product_8780,141104.3086,7,29
4376,product_4376,117812.3463,16,45
8040,product_8040,85231.43011,17,45
9968,product_9968,51777.0458,15,43
3207,product_3207,143893.815,4,63
8322,product_8322,86650.27223,7,40
927,product_927,52144.34858,2,88
4677,product_4677,126669.9431,2,9
730,product_730,100841.4779,1,73
3178,product_3178,106773.9558,13,61
1765,product_1765,95129.58457,11,45
7516,product_7516,55264.99941,16,98
692,product_692,65399.77653,9,97
3796,product_3796,140168.49,19,47
5781,product_5781,111152.7232,15,51
4168,product_4168,111682.6268,9,88
4924,product_4924,82905.09921,12,26
2838,product_2838,85345.83069,13,5
7388,product_7388,57621.32512,13,23
6031,product_6031,91676.93099,11,81
2024,product_2024,144094.6089,17,18
4693,product_4693,118092.0218,19,49
1328,product_1328,72238.20794,4,21
1092,product_1092,74574.31835,8,77
7945,product_7945,135432.0108,15,95
1339,product_1339,79427.63754,10,36
4988,product_4988,134285.5683,16,35
7848,product_7848,64998.24969,12,59
7568,product_7568,103360.5638,13,8
854,product_854,134749.2926,7,99
4219,product_4219,114514.7692,13,54
8728,product_8728,124469.0993,9,77
8851,product_8851,68007.79714,19,41
8970,product_8970,107142.128,5,85
8110,product_8110,141805.7121,2,99
2539,product_2539,142019.676,14,96
1177,product_1177,85582.71312,13,70
2907,product_2907,97371.69501,4,25
2927,product_2927,79794.65169,17,7
8227,product_8227,53743.45312,7,73
6950,product_6950,97773.72448,20,13
979,product_979,139152.7159,9,30
9855,product_9855,139022.9516,9,42
8835,product_8835,114480.7244,6,44
2805,product_2805,70864.60346,15,31
1471,product_1471,50733.38119,6,62
9456,product_9456,141913.5156,3,77
4801,product_4801,76915.00723,8,34
8186,product_8186,126519.1308,8,49
7770,product_7770,80024.84912,1,13
3849,product_3849,50272.00079,4,94
8205,product_8205,59480.465,6,13
7347,product_7347,148455.0509,17,47
9798,product_9798,95146.99997,16,79
6476,product_6476,77913.9623,2,13
2069,product_2069,118646.6168,1,66
1261,product_1261,127388.9112,2,79
8574,product_8574,113239.2324,14,73
9280,product_9280,64527.56847,17,60
5051,product_5051,130784.4968,20,19
1502,product_1502,91942.86179,8,79
5222,product_5222,50044.25771,5,64
4276,product_4276,77632.92143,20,56
3841,product_3841,105761.4014,1,89
4729,product_4729,103605.0302,9,40
3400,product_3400,141647.0269,19,20
4456,product_4456,129844.0671,7,58
4008,product_4008,87687.08125,12,87
8427,product_8427,83803.53258,12,6
1231,product_1231,99590.74106,11,54
7716,product_7716,70331.40631,5,70
9175,product_9175,139833.436,15,25
3295,product_3295,136293.4539,5,68
3012,product_3012,123278.3098,9,60
3925,product_3925,108480.5646,17,92
8726,product_8726,82710.55717,1,30
7563,product_7563,65978.41172,19,67
5767,product_5767,66245.15257,17,72
8765,product_8765,52157.86404,7,62
3568,product_3568,50256.40012,2,46
3328,product_3328,114260.9239,7,16
8872,product_8872,77240.89542,18,7
4637,product_4637,82161.43535,20,80
3322,product_3322,138053.4653,2,1
2945,product_2945,58104.79409,16,20
9544,product_9544,50189.26791,2,70
8890,product_8890,115683.6156,13,66
5288,product_5288,136120.7212,10,55
902,product_902,95539.55246,17,55
5787,product_5787,131220.1096,6,21
7031,product_7031,61208.9322,2,57
5928,product_5928,108693.881,10,65
7468,product_7468,65608.19683,4,65
5456,product_5456,103397.1883,18,72
6786,product_6786,94142.86989,2,83
2128,product_2128,126188.1827,8,32
9933,product_9933,57840.15788,9,18
7667,product_7667,125379.6844,7,96
4873,product_4873,63506.72116,1,52
7703,product_7703,75779.65863,14,78
9431,product_9431,83485.08135,13,47
4477,product_4477,110237.082,5,13
2392,product_2392,81275.98822,11,62
1037,product_1037,138766.523,1,58
9424,product_9424,72382.48822,8,81
5164,product_5164,79723.89602,11,20
4427,product_4427,108265.2689,4,71
1974,product_1974,106384.3896,8,94
5215,product_5215,116339.4645,4,10
7059,product_7059,143942.0505,8,81
8258,product_8258,81102.73051,12,54
4321,product_4321,114324.684,6,64
4446,product_4446,52583.9844,6,39
8359,product_8359,136390.7461,16,86
7190,product_7190,87268.24153,3,22
2799,product_2799,124740.4717,13,35
8972,product_8972,81707.74011,9,67
1234,product_1234,64217.41731,2,46
6511,product_6511,94759.28814,11,25
3903,product_3903,110202.7301,7,24
838,product_838,109001.4207,2,20
5891,product_5891,83291.34727,4,30
7107,product_7107,55891.51639,6,16
9250,product_9250,64946.17585,15,40
2155,product_2155,110937.8876,14,69
7494,product_7494,107999.7231,1,81
7996,product_7996,90046.85597,2,57
1680,product_1680,149539.8361,15,3
1043,product_1043,58595.59179,1,52
6321,product_6321,120708.3179,8,55
4198,product_4198,110729.8944,8,91
2553,product_2553,57020.08966,13,42
803,product_803,82520.29433,1,60
1698,product_1698,97634.27866,2,60
6377,product_6377,80419.71412,10,24
4844,product_4844,117615.6649,1,27
8663,product_8663,97327.02764,15,42
3386,product_3386,102838.0234,20,98
1465,product_1465,64346.6171,5,82
864,product_864,72446.13018,20,95
4202,product_4202,68946.75387,15,79
8162,product_8162,74274.23655,18,35
5923,product_5923,122260.8487,5,23
5910,product_5910,122365.656,20,78
6267,product_6267,104082.2257,17,18
2941,product_2941,98573.87074,3,92
7908,product_7908,111708.0797,2,15
8926,product_8926,55230.27522,18,81
1932,product_1932,90764.47688,18,93
5393,product_5393,134220.9015,6,64
6896,product_6896,98197.00397,9,33
2080,product_2080,53671.0254,2,93
1617,product_1617,70437.70436,10,7
9932,product_9932,135909.1536,14,40
5294,product_5294,59843.7508,9,78
7847,product_7847,134396.3426,14,45
4503,product_4503,81635.6232,14,88
2884,product_2884,50757.4754,5,15
7930,product_7930,59571.43553,14,60
2916,product_2916,127665.4299,18,54
1296,product_1296,65994.6176,16,16
5725,product_5725,112117.8805,15,39
911,product_911,147976.6212,15,85
8706,product_8706,143083.8867,19,40
7644,product_7644,86846.39424,18,1
5003,product_5003,142545.6474,11,72
4906,product_4906,59640.28241,20,89
6734,product_6734,77134.12264,12,18
9470,product_9470,81865.95988,2,69
2888,product_2888,91310.75217,18,35
6073,product_6073,130731.6536,17,90
6680,product_6680,78192.69156,9,83
5106,product_5106,50205.3295,3,66
3455,product_3455,86094.31914,17,16
6973,product_6973,117137.7512,11,24
3116,product_3116,116278.9825,7,52
7623,product_7623,112748.7287,6,55
8371,product_8371,109245.4395,19,51
1741,product_1741,98020.12676,16,28
7797,product_7797,137330.0682,13,72
9713,product_9713,125394.8891,13,1
4662,product_4662,124568.5778,3,62
2716,product_2716,66586.43819,10,72
8337,product_8337,117151.2122,9,68
8266,product_8266,68767.5169,15,56
7288,product_7288,124231.3491,16,50
9804,product_9804,132163.4308,18,47
4181,product_4181,94923.43911,12,37
2237,product_2237,104664.663,3,27
6939,product_6939,100868.8377,11,14
9429,product_9429,102206.5026,20,53
3355,product_3355,128861.5957,16,51
896,product_896,118038.4957,2,90
8939,product_8939,146657.9023,1,61
4516,product_4516,71283.00214,12,6
5893,product_5893,55899.76411,15,22
2839,product_2839,131129.5184,19,80
4207,product_4207,136161.1561,19,25
2893,product_2893,83480.70681,11,70
6827,product_6827,122129.9986,9,52
2531,product_2531,94638.4593,17,50
856,product_856,146251.9368,10,77
6260,product_6260,121488.8973,10,95
3758,product_3758,133648.1585,12,66
746,product_746,136221.9017,4,60
6583,product_6583,93533.04193,11,96
6655,product_6655,63027.76014,5,13
3781,product_3781,94202.18784,14,74
2136,product_2136,65676.32161,7,22
3859,product_3859,112681.558,15,92
9305,product_9305,68042.13778,10,49
7962,product_7962,118952.6707,11,36
1047,product_1047,50243.47199,4,29
8968,product_8968,96528.56626,9,33
1380,product_1380,76357.36772,1,45
1395,product_1395,125644.4821,16,29
4083,product_4083,118494.643,2,1
9400,product_9400,124182.7265,19,81
7923,product_7923,136545.4893,8,17
1596,product_1596,144309.3002,1,95
7269,product_7269,69332.32088,18,45
8504,product_8504,100527.9306,1,43
6887,product_6887,93383.71661,6,6
2233,product_2233,76972.8283,15,67
2616,product_2616,109118.7208,18,40
2020,product_2020,131916.9593,17,5
3085,product_3085,109543.9627,11,10
2564,product_2564,123528.4883,19,98
9545,product_9545,56706.71918,16,82
9964,product_9964,75492.46743,10,73
5008,product_5008,78782.73418,12,7
7296,product_7296,79459.62628,3,26
9168,product_9168,112199.6727,6,2
9575,product_9575,74691.84072,16,99
7553,product_7553,143136.3369,12,21
9712,product_9712,122781.3626,12,5
7326,product_7326,86218.22177,19,91
6122,product_6122,120672.6177,9,16
2368,product_2368,109955.7895,15,73
5764,product_5764,112620.2234,5,48
2391,product_2391,145925.5963,13,51
4597,product_4597,137063.3672,7,46
7289,product_7289,124672.5041,5,67
7523,product_7523,100998.0547,10,66
6090,product_6090,149776.3455,11,61
6817,product_6817,119858.0767,10,39
7779,product_7779,83460.59322,1,20
7299,product_7299,78224.20068,4,90
9877,product_9877,57784.22196,20,91
6886,product_6886,130683.5105,18,58
4762,product_4762,54597.22945,7,58
4463,product_4463,79340.15306,14,99
4354,product_4354,72002.42828,16,84
6395,product_6395,137984.376,14,30
4938,product_4938,132373.8026,10,65
8683,product_8683,121977.0038,6,49
4336,product_4336,65667.25707,20,20
5439,product_5439,103251.7675,10,2
1781,product_1781,109085.1312,12,5
1285,product_1285,147142.8005,10,75
4395,product_4395,82583.57713,4,70
1709,product_1709,131300.4771,4,32
3964,product_3964,145946.9157,7,46
6718,product_6718,142331.0812,14,59
6484,product_6484,148989.2756,19,49
8561,product_8561,147217.8877,11,70
3227,product_3227,148083.5605,15,66
9040,product_9040,144450.9576,1,89
6719,product_6719,60961.05294,12,33
6072,product_6072,84465.64004,19,29
3824,product_3824,91051.28491,15,4
4556,product_4556,59684.70947,2,44
3246,product_3246,84190.14781,8,70
9758,product_9758,107435.436,15,28
8763,product_8763,123422.0081,3,99
5349,product_5349,148775.7778,11,6
2373,product_2373,107596.7786,19,42
4388,product_4388,67545.83841,15,77
993,product_993,63180.28741,7,32
3512,product_3512,119073.0757,6,68
9164,product_9164,133307.8677,7,48
3462,product_3462,96991.72237,12,45
9560,product_9560,149060.2576,17,35
6223,product_6223,82192.69972,19,74
1546,product_1546,107335.815,19,35
8449,product_8449,69745.22964,15,9
3894,product_3894,50944.78852,8,94
2969,product_2969,70838.73029,9,26
9839,product_9839,105857.25,1,86
6653,product_6653,71896.17358,7,25
8658,product_8658,131413.4448,15,72
1721,product_1721,59025.01726,8,10
7611,product_7611,89646.67027,16,51
2169,product_2169,124242.302,5,64
7650,product_7650,125511.9926,1,22
2315,product_2315,71110.81947,11,33
8821,product_8821,91289.21148,11,65
2520,product_2520,106657.8351,20,93
914,product_914,56030.73866,18,70
7389,product_7389,60169.897,9,41
9231,product_9231,115699.7607,9,31
6087,product_6087,121161.6653,18,69
9882,product_9882,107825.2138,4,79
8170,product_8170,118870.6876,3,17
7505,product_7505,136065.8568,11,41
5858,product_5858,107244.7388,6,74
9048,product_9048,129029.4009,1,60
6360,product_6360,113177.95,5,85
925,product_925,149162.4446,13,69
4135,product_4135,109422.7537,15,49
6050,product_6050,80088.50075,20,45
2713,product_2713,95993.33279,6,41
7255,product_7255,76912.13595,4,78
4913,product_4913,50655.61308,14,60
3268,product_3268,82641.89814,8,18
3399,product_3399,123300.9882,18,31
8712,product_8712,68584.95721,7,36
4224,product_4224,57004.27477,19,34
6315,product_6315,72550.5953,8,90
4593,product_4593,98982.92642,3,4
1843,product_1843,87799.06822,10,35
9508,product_9508,128245.4185,20,3
1637,product_1637,113128.4614,17,47
9281,product_9281,130618.4183,14,97
1610,product_1610,66268.36269,17,23
1595,product_1595,127448.991,2,92
8044,product_8044,83507.72529,8,100
2995,product_2995,111197.3595,11,95
2404,product_2404,102942.9808,20,37
3064,product_3064,84234.12092,10,59
3843,product_3843,86751.48443,8,6
3756,product_3756,111516.4024,4,48
2071,product_2071,129204.5102,14,43
6803,product_6803,120150.1926,1,55
8952,product_8952,140101.8003,16,39
3292,product_3292,54498.41231,16,87
9443,product_9443,87060.51453,2,51
3866,product_3866,148909.4297,1,81
8686,product_8686,57905.5744,6,5
2011,product_2011,132495.0485,7,44
3931,product_3931,139646.6237,11,51
3530,product_3530,147755.2768,13,20
4351,product_4351,95711.78486,8,38
8104,product_8104,108830.878,4,18
9894,product_9894,90511.03387,6,67
9145,product_9145,56891.98636,7,88
9580,product_9580,86111.88225,8,26
2411,product_2411,63251.1969,20,66
4121,product_4121,122382.4893,6,46
5001,product_5001,120431.4792,3,45
1885,product_1885,63404.85329,13,69
5636,product_5636,90160.04251,20,97
2388,product_2388,57449.7037,11,91
6212,product_6212,82696.94142,9,45
6001,product_6001,86798.51807,15,79
703,product_703,85838.10443,8,41
4486,product_4486,148091.623,15,83
2913,product_2913,139068.13,10,31
8280,product_8280,78586.803,3,38
7146,product_7146,62889.60412,3,13
1756,product_1756,55198.57137,16,37
3332,product_3332,142489.8325,5,12
9394,product_9394,93270.13611,8,9
6985,product_6985,119846.71,9,64
9380,product_9380,94210.03692,13,76
4968,product_4968,75127.33801,15,16
6859,product_6859,105781.8592,2,46
2124,product_2124,133900.1554,4,17
6959,product_6959,142132.5423,4,54
6978,product_6978,141712.0687,17,42
6800,product_6800,97214.35463,15,37
9428,product_9428,50974.57725,13,2
7521,product_7521,52982.01508,12,24
6598,product_6598,75176.04634,4,12
7587,product_7587,55860.96338,10,17
2541,product_2541,136841.7475,10,24
4069,product_4069,105922.1155,4,28
4618,product_4618,78567.03388,15,24
7406,product_7406,61530.68951,5,42
6702,product_6702,71373.42826,18,8
7699,product_7699,127773.8395,2,45
4620,product_4620,50038.87301,15,20
3869,product_3869,135719.6727,20,55
8285,product_8285,101916.1507,3,89
7160,product_7160,124171.1144,7,13
9144,product_9144,66885.50394,11,88
9150,product_9150,79658.01782,19,87
4811,product_4811,138011.8645,3,35
5258,product_5258,144741.4026,10,8
7081,product_7081,84414.07234,6,40
8811,product_8811,67337.89588,5,84
5339,product_5339,80714.40544,8,35
9179,product_9179,122255.0103,11,6
8058,product_8058,131414.2369,20,56
8318,product_8318,57032.83367,12,61
4573,product_4573,98089.3033,11,39
4228,product_4228,114829.753,8,73
6162,product_6162,97555.1396,2,44
1624,product_1624,65962.57653,19,28
9787,product_9787,108653.7937,3,9
9914,product_9914,95020.0057,12,17
8344,product_8344,102961.9324,10,51
1531,product_1531,123545.8056,15,50
5676,product_5676,88317.2735,7,5
2154,product_2154,82819.05767,5,38
4185,product_4185,67299.17963,10,49
9002,product_9002,140564.5253,2,93
1329,product_1329,73328.91252,6,96
4498,product_4498,61746.29876,4,20
750,product_750,84804.80927,18,19
6450,product_6450,111666.0255,15,61
6936,product_6936,99409.11619,15,56
2862,product_2862,125206.1834,13,47
3976,product_3976,144844.0321,13,83
4984,product_4984,137502.3229,4,5
9739,product_9739,76961.73406,18,47
3337,product_3337,127543.2284,10,63
2158,product_2158,57223.58301,12,64
7570,product_7570,92727.66142,2,93
4916,product_4916,135598.5069,14,77
9706,product_9706,106992.1257,6,53
1228,product_1228,112835.7151,13,78
3274,product_3274,103112.3764,20,81
6103,product_6103,105566.399,4,4
7801,product_7801,121510.1586,3,89
2815,product_2815,59460.41669,1,18
5924,product_5924,107513.8456,10,27
7590,product_7590,83351.74316,8,72
3397,product_3397,75452.49202,3,44
9569,product_9569,114805.9805,3,64
2800,product_2800,100399.3164,9,4
9484,product_9484,121942.3596,8,14
3347,product_3347,139290.6401,1,56
3143,product_3143,96296.73412,11,90
8057,product_8057,69356.93309,6,15
3992,product_3992,130341.2389,5,31
4044,product_4044,113967.2496,18,20
7952,product_7952,66986.22564,16,61
3588,product_3588,81541.98479,5,82
7179,product_7179,112094.1822,5,51
2214,product_2214,119962.6359,5,27
3223,product_3223,70208.4887,13,70
3635,product_3635,105201.7352,9,89
9988,product_9988,66279.08201,14,3
1871,product_1871,75793.59097,7,57
4286,product_4286,66858.72758,12,98
4004,product_4004,92947.50185,14,28
3354,product_3354,126816.2251,15,27
9274,product_9274,116214.0726,20,3
8965,product_8965,76889.41041,14,62
7817,product_7817,69546.4854,16,1
8408,product_8408,60263.98619,6,82
7270,product_7270,143314.3026,11,10
2765,product_2765,137993.227,2,32
6662,product_6662,87038.77421,5,49
1200,product_1200,73046.49925,13,2
9611,product_9611,92347.44378,13,97
6284,product_6284,53086.20829,3,42
5136,product_5136,107961.1182,18,74
8416,product_8416,70802.75142,15,53
4872,product_4872,64644.46965,5,20
9338,product_9338,133686.3801,15,84
1397,product_1397,122134.5266,10,93
3937,product_3937,88368.46635,6,71
1131,product_1131,86922.17182,13,82
1761,product_1761,102984.9929,20,78
2758,product_2758,65792.06717,3,55
6076,product_6076,107529.1492,8,93
2737,product_2737,100687.0806,2,59
4690,product_4690,141716.7625,13,98
5704,product_5704,70007.23995,10,52
8761,product_8761,117059.1179,13,33
1004,product_1004,121522.5812,18,80
3915,product_3915,115542.3366,18,49
4817,product_4817,145356.6946,4,98
6439,product_6439,85343.53454,18,41
3481,product_3481,145019.002,12,72
9415,product_9415,124678.0433,5,91
7613,product_7613,134145.1179,15,78
6156,product_6156,102044.2406,2,8
4025,product_4025,113260.3775,9,47
1376,product_1376,118912.0444,2,29
3973,product_3973,112416.9203,18,84
9105,product_9105,112902.4083,20,79
3381,product_3381,98325.69245,1,5
7115,product_7115,81857.71815,7,47
3555,product_3555,71539.92771,14,42
8152,product_8152,79592.48846,13,10
6715,product_6715,98371.01228,1,56
2167,product_2167,97437.18461,7,42
5623,product_5623,76541.09456,12,15
2612,product_2612,131795.5658,2,88
3490,product_3490,125447.7024,14,38
6858,product_6858,54898.95752,1,38
3329,product_3329,86415.0605,3,88
7700,product_7700,125502.8235,4,94
9734,product_9734,73426.80137,8,56
1298,product_1298,136339.3965,10,22
4402,product_4402,148405.1272,6,77
788,product_788,52048.23678,19,83
9954,product_9954,131755.9511,14,18
5486,product_5486,90760.65433,10,44
3191,product_3191,131004.1335,7,46
8640,product_8640,130424.7574,19,66
6768,product_6768,104451.9451,3,85
4523,product_4523,70367.64872,14,39
9650,product_9650,85140.98901,13,55
6722,product_6722,61889.50496,18,17
2383,product_2383,145470.1327,5,62
8461,product_8461,126734.553,17,85
7033,product_7033,104208.7241,8,44
9206,product_9206,98479.84568,4,1
2751,product_2751,91956.41309,16,14
5668,product_5668,146827.1966,2,50
5101,product_5101,50553.0256,17,5
7876,product_7876,81170.41944,16,9
4332,product_4332,50130.53298,18,85
1889,product_1889,135199.6544,5,97
2212,product_2212,124744.2032,5,2
5418,product_5418,116260.2138,8,5
7223,product_7223,92768.30098,5,89
6440,product_6440,125470.5981,6,88
9848,product_9848,69624.34142,5,16
7840,product_7840,83302.1789,18,30
5193,product_5193,114021.6469,15,18
2880,product_2880,139092.7719,17,94
5950,product_5950,110457.7234,10,17
5455,product_5455,52850.61048,16,91
9522,product_9522,149130.7229,10,63
5617,product_5617,109487.9392,11,88
3562,product_3562,78720.04462,19,90
4625,product_4625,143086.3682,4,64
3219,product_3219,73554.54514,2,88
2990,product_2990,106405.049,6,10
4410,product_4410,116344.5258,9,37
5429,product_5429,133944.2827,3,22
671,product_671,85016.49929,19,44
8602,product_8602,127106.8711,7,69
2360,product_2360,147345.3073,16,95
1156,product_1156,104432.3961,10,90
9511,product_9511,122038.6198,10,95
7462,product_7462,130535.9589,1,59
3477,product_3477,118325.3311,12,52
9557,product_9557,103695.4646,2,97
5343,product_5343,57563.559,6,98
7944,product_7944,81592.61562,18,86
5434,product_5434,62459.35389,4,42
5070,product_5070,137270.2803,15,54
1802,product_1802,90220.56639,15,38
1066,product_1066,120052.3268,20,92
5000,product_5000,147919.8953,14,13
885,product_885,69022.29456,4,10
6953,product_6953,59517.90442,3,44
6828,product_6828,134750.7109,9,33
1723,product_1723,87507.91489,20,30
5868,product_5868,89247.31413,4,49
722,product_722,132932.3787,15,27
4211,product_4211,61845.69164,19,6
3879,product_3879,86294.92501,17,1
7555,product_7555,91759.03592,6,9
1048,product_1048,60118.70116,11,21
9742,product_9742,145884.4078,6,44
8916,product_8916,71430.7912,8,99
9134,product_9134,145927.1765,15,48
6531,product_6531,58176.43455,2,7
3643,product_3643,103825.4684,11,17
4510,product_4510,54523.48936,17,97
5585,product_5585,105996.9786,20,11
4379,product_4379,68629.96212,13,28
2790,product_2790,100973.8211,15,78
6928,product_6928,98467.22606,13,34
7088,product_7088,142985.9081,16,46
4451,product_4451,143882.9802,4,10
9991,product_9991,131531.5014,17,83
1472,product_1472,58728.3941,8,76
2453,product_2453,53561.05108,20,54
1766,product_1766,57771.92158,5,86
6863,product_6863,63036.41225,6,36
8533,product_8533,94520.71754,11,77
3153,product_3153,63323.33187,8,32
1422,product_1422,141832.1527,19,65
1876,product_1876,149227.3077,13,38
6454,product_6454,77713.04827,1,83
5297,product_5297,136258.567,6,80
3038,product_3038,73944.09631,8,46
9499,product_9499,75793.39344,14,74
6444,product_6444,145552.5518,2,16
6370,product_6370,96016.66834,3,27
3000,product_3000,147775.1834,3,85
5213,product_5213,106719.5814,2,87
2834,product_2834,99234.51518,8,54
9973,product_9973,60906.00835,17,6
6491,product_6491,66850.28405,19,60
3592,product_3592,92011.45815,16,66
9862,product_9862,60791.32991,13,34
1590,product_1590,53185.69459,14,24
7784,product_7784,64336.73344,10,88
6602,product_6602,110550.1221,5,34
7686,product_7686,90861.38363,7,6
4172,product_4172,67980.77619,2,71
2031,product_2031,96533.34896,5,87
8862,product_8862,117793.4167,12,42
6273,product_6273,75956.28933,18,67
8716,product_8716,128163.0379,12,51
7382,product_7382,147733.5218,20,3
2597,product_2597,51836.23064,17,70
4261,product_4261,114752.3413,3,37
2294,product_2294,134827.8502,3,81
4675,product_4675,67989.61476,10,20
3201,product_3201,107413.9876,18,53
8073,product_8073,74826.88664,7,97
963,product_963,105147.4348,12,85
8902,product_8902,128519.4278,12,36
4704,product_4704,140927.0918,8,39
3503,product_3503,65078.53388,5,28
4991,product_4991,103534.3295,6,38
4974,product_4974,70937.43211,2,65
3121,product_3121,113929.7975,14,61
5940,product_5940,79650.53557,11,86
2464,product_2464,143206.3973,2,91
1508,product_1508,101954.3428,6,7
7032,product_7032,95063.67516,12,71
4085,product_4085,144438.0922,12,61
3138,product_3138,144455.09,2,31
8222,product_8222,71480.07698,17,17
3528,product_3528,102249.1898,20,11
3394,product_3394,66988.85013,6,100
9696,product_9696,125319.2868,10,57
3699,product_3699,144425.1169,15,78
9995,product_9995,137420.9326,3,70
1925,product_1925,107797.8671,15,32
1808,product_1808,67081.56845,18,19
9247,product_9247,103323.1596,10,67
5334,product_5334,74249.52192,10,5
8316,product_8316,135090.8642,6,25
6956,product_6956,99327.1706,6,79
923,product_923,144908.7617,5,86
5357,product_5357,97978.35732,17,81
8748,product_8748,120174.2228,17,83
5140,product_5140,56405.70998,5,94
3192,product_3192,99059.69328,6,62
7989,product_7989,128251.6236,14,55
7725,product_7725,115979.1667,5,1
4539,product_4539,130930.3362,17,41
6732,product_6732,97408.8842,13,89
4565,product_4565,125294.4799,20,10
2243,product_2243,104187.094,6,62
2216,product_2216,149443.3592,3,28
3687,product_3687,98061.86522,16,78
3765,product_3765,118475.7128,6,41
2903,product_2903,85757.06626,8,15
6868,product_6868,90871.12239,19,19
3376,product_3376,67760.01014,5,64
2685,product_2685,142026.9541,3,30
3304,product_3304,95835.81141,12,79
2070,product_2070,130785.9123,1,2
1671,product_1671,54629.4914,4,32
6485,product_6485,66426.83889,10,58
5871,product_5871,61893.60454,10,78
3595,product_3595,119277.3316,8,61
2338,product_2338,130146.5301,3,52
5146,product_5146,56097.06311,8,47
9493,product_9493,67786.81451,20,62
2083,product_2083,137773.7108,2,46
8241,product_8241,102875.7279,7,65
7218,product_7218,54082.55368,8,93
1317,product_1317,62022.70223,16,95
3826,product_3826,56646.57407,18,71
5814,product_5814,55052.93392,20,4
1441,product_1441,84815.50737,3,33
3883,product_3883,148650.5087,2,71
1672,product_1672,81038.65836,2,80
5325,product_5325,68117.19987,19,51
6127,product_6127,114504.2248,4,61
1236,product_1236,108018.1971,20,78
8921,product_8921,98372.77275,18,73
2001,product_2001,79176.4834,3,86
8798,product_8798,113868.7005,7,70
1078,product_1078,129434.506,8,14
3698,product_3698,75916.62915,15,10
8497,product_8497,111526.7617,6,84
9608,product_9608,54800.96681,12,13
9584,product_9584,97925.81753,8,67
6604,product_6604,92703.99159,1,29
770,product_770,57917.1043,15,57
8006,product_8006,134248.0419,3,29
6449,product_6449,114118.3241,19,46
3045,product_3045,80337.96501,7,2
4056,product_4056,127064.296,7,72
9156,product_9156,87584.86588,6,97
3932,product_3932,106359.7922,7,44
8599,product_8599,149815.9553,8,21
5097,product_5097,95302.89789,19,70
1522,product_1522,128360.7749,14,4
4335,product_4335,61481.79137,13,96
7773,product_7773,118053.4839,20,100
9384,product_9384,106266.5297,14,86
1641,product_1641,92489.40325,11,68
6766,product_6766,142543.8336,17,1
1547,product_1547,78041.48915,12,20
836,product_836,87114.97837,15,77
8372,product_8372,105425.4704,8,9
4999,product_4999,127560.9563,3,21
6898,product_6898,50793.1913,10,63
5137,product_5137,87831.63926,9,65
4858,product_4858,56314.06029,2,81
3373,product_3373,110825.7559,8,46
7991,product_7991,62544.28577,8,82
5768,product_5768,140153.7208,10,94
3471,product_3471,68747.68804,3,79
7231,product_7231,98473.3975,5,98
2753,product_2753,149679.7705,15,95
4940,product_4940,58761.60474,12,43
8324,product_8324,144402.5892,14,96
8993,product_8993,149624.8472,11,48
7639,product_7639,92398.57562,8,43
707,product_707,106269.6437,15,17
6275,product_6275,82038.34687,8,14
7666,product_7666,73039.00861,3,30
1180,product_1180,128612.7281,11,5
1028,product_1028,58785.11746,13,87
4143,product_4143,147234.9962,2,46
9670,product_9670,80891.21068,12,84
8464,product_8464,90345.11943,16,20
7169,product_7169,93521.38762,9,51
6378,product_6378,107559.5908,18,60
8973,product_8973,140204.2021,11,87
3902,product_3902,86181.82776,11,89
1282,product_1282,60002.18412,5,11
4660,product_4660,54088.26323,5,91
1609,product_1609,104613.0106,12,55
8844,product_8844,79618.91236,2,57
2937,product_2937,112694.1015,10,35
1957,product_1957,51662.36882,14,39
9485,product_9485,96801.54253,8,90
9229,product_9229,142465.7554,8,38
9289,product_9289,124173.772,15,5
8737,product_8737,114050.6681,15,32
752,product_752,145787.1171,12,33
3336,product_3336,67099.60137,18,91
2283,product_2283,74675.70903,16,58
6736,product_6736,73897.45508,4,26
5392,product_5392,139917.357,7,88
7865,product_7865,139192.8416,12,63
3142,product_3142,147118.4814,5,83
7436,product_7436,84464.91937,14,48
7680,product_7680,104029.8706,11,64
4303,product_4303,143552.9305,17,88
2225,product_2225,89935.66476,20,49
1059,product_1059,102264.9932,13,44
3610,product_3610,84475.16747,5,44
8950,product_8950,118862.3742,14,55
8550,product_8550,116089.3867,20,40
7450,product_7450,92483.23439,13,65
849,product_849,93153.48881,9,38
2855,product_2855,138564.8909,16,26
968,product_968,131245.6566,5,98
888,product_888,144466.6411,13,63
5112,product_5112,127450.0406,20,19
4967,product_4967,139760.6186,3,67
1340,product_1340,64425.80868,11,75
8732,product_8732,83039.3407,8,65
5834,product_5834,82955.72495,9,28
5203,product_5203,66335.79162,3,65
5848,product_5848,99090.09171,4,35
9658,product_9658,54454.73962,14,60
1269,product_1269,139046.8119,7,36
9671,product_9671,114185.2939,19,94
9282,product_9282,75400.80836,9,75
9133,product_9133,97924.12996,13,41
6510,product_6510,95612.35051,15,100
6005,product_6005,76270.74579,14,65
4077,product_4077,115060.3892,1,91
4361,product_4361,118585.1733,11,41
7374,product_7374,97576.47185,3,19
5945,product_5945,146687.0942,20,6
4522,product_4522,106625.3399,18,3
3678,product_3678,79252.48799,15,21
2468,product_2468,72820.82839,2,39
3892,product_3892,104079.6816,7,68
4269,product_4269,117749.6501,6,43
9601,product_9601,147306.6838,7,16
5957,product_5957,56329.99273,12,36
1097,product_1097,126315.4014,3,36
4828,product_4828,102798.4072,12,89
4977,product_4977,132821.5426,10,59
1578,product_1578,83799.94623,15,76
4650,product_4650,73648.83548,2,97
3217,product_3217,88925.28006,2,42
6495,product_6495,85813.2861,5,38
7094,product_7094,144382.8157,9,18
1331,product_1331,69300.37782,9,15
8789,product_8789,56369.60335,13,71
2702,product_2702,78205.18797,10,21
3001,product_3001,120419.9876,15,89
5047,product_5047,97344.45666,13,24
6806,product_6806,62470.92795,14,93
3419,product_3419,86474.82233,10,26
5501,product_5501,149295.4403,6,62
5169,product_5169,55545.09113,14,91
7038,product_7038,70155.7443,2,51
5523,product_5523,140304.6558,12,29
9239,product_9239,85881.24828,3,13
5597,product_5597,51527.08993,15,77
4732,product_4732,101769.9074,20,2
1038,product_1038,104535.1861,16,51
4688,product_4688,88134.91018,10,72
2517,product_2517,143798.5079,20,2
9654,product_9654,106458.8168,15,35
2709,product_2709,89544.16593,6,1
2256,product_2256,121520.9589,1,49
3881,product_3881,122869.861,19,21
1031,product_1031,110485.2642,9,11
7961,product_7961,108962.7737,15,22
4934,product_4934,53944.57279,10,31
3541,product_3541,144699.1166,7,3
1838,product_1838,60436.08615,9,64
1537,product_1537,94388.27244,12,37
3453,product_3453,88748.21391,1,30
5311,product_5311,100281.0096,14,5
6780,product_6780,139248.6493,17,20
4770,product_4770,134593.1741,20,69
7453,product_7453,131597.8088,7,52
9095,product_9095,132836.5972,1,40
9757,product_9757,66402.43245,9,45
6033,product_6033,148110.8478,19,55
8659,product_8659,82222.38458,12,71
9043,product_9043,130985.9806,13,44
6710,product_6710,145317.0022,3,78
1589,product_1589,50349.92076,7,31
9296,product_9296,111580.5807,15,24
8598,product_8598,51895.43143,7,4
9234,product_9234,141054.7539,16,19
2357,product_2357,104506.0751,2,7
9726,product_9726,54665.75716,17,28
8486,product_8486,131014.8324,19,45
9598,product_9598,137401.1129,16,70
1615,product_1615,91755.95236,20,95
7525,product_7525,90630.41614,13,74
8319,product_8319,114618.3333,4,18
4131,product_4131,131368.5488,2,6
7596,product_7596,130030.392,9,75
2127,product_2127,65288.25876,20,68
4285,product_4285,65699.27058,13,27
7735,product_7735,122602.0439,12,1
2715,product_2715,126613.6556,15,11
9183,product_9183,148530.2603,1,40
8287,product_8287,50997.00819,17,3
5603,product_5603,112680.5528,11,2
7490,product_7490,102201.2511,17,95
5233,product_5233,70093.64508,12,19
5149,product_5149,50237.85968,5,33
5058,product_5058,129976.4956,11,62
2624,product_2624,73825.12577,3,7
8565,product_8565,107643.698,4,10
8130,product_8130,88706.97925,15,100
2961,product_2961,62660.39484,8,3
4220,product_4220,91002.54185,13,96
6757,product_6757,117781.1817,11,94
6118,product_6118,138850.3098,6,63
4615,product_4615,65477.74679,1,27
7044,product_7044,100195.8129,10,49
676,product_676,69359.12339,15,87
4027,product_4027,50891.40393,12,35
2639,product_2639,84248.95346,20,30
1192,product_1192,58287.89783,9,50
6529,product_6529,144253.755,8,98
9617,product_9617,135063.8479,10,14
2576,product_2576,67205.48538,20,62
9797,product_9797,118266.9117,11,66
4722,product_4722,88061.80154,9,69
2973,product_2973,104679.6258,14,8
3484,product_3484,102845.4727,2,67
1330,product_1330,140159.1256,5,64
1381,product_1381,143141.5406,13,91
4970,product_4970,60048.27066,4,92
5089,product_5089,60155.49162,7,28
4628,product_4628,108765.2437,15,86
5317,product_5317,133355.811,13,64
8781,product_8781,116362.7481,4,51
7265,product_7265,51041.77696,11,30
2465,product_2465,52124.60374,13,16
3430,product_3430,100502.0011,7,98
1681,product_1681,101713.4487,5,19
3107,product_3107,55380.9244,11,47
754,product_754,60894.37999,1,3
2457,product_2457,139902.6807,6,37
8151,product_8151,92918.93347,5,44
2335,product_2335,128857.8951,16,29
1166,product_1166,55646.2183,11,1
9674,product_9674,93773.76663,15,16
2675,product_2675,105392.2735,6,40
1309,product_1309,142333.1922,8,85
2060,product_2060,56988.84843,11,42
4975,product_4975,105010.5121,13,55
1720,product_1720,121814.2272,13,27
6443,product_6443,68177.47766,14,98
8145,product_8145,109910.1914,18,66
4718,product_4718,105033.4511,5,65
8166,product_8166,122771.211,6,99
3969,product_3969,65329.65501,6,1
2762,product_2762,79006.70963,18,85
9857,product_9857,121531.0029,2,11
9693,product_9693,149345.5165,5,95
2343,product_2343,126116.824,7,58
6593,product_6593,103071.5761,11,38
7707,product_7707,107902.0412,8,96
1312,product_1312,51635.97195,19,95
7246,product_7246,147849.4665,8,53
1534,product_1534,66833.38295,15,48
3942,product_3942,98780.97301,10,49
7173,product_7173,120705.1464,15,64
9574,product_9574,146372.1726,17,64
7290,product_7290,103297.9304,7,36
8267,product_8267,91994.73104,16,100
2889,product_2889,82904.44094,13,8
1559,product_1559,148724.5949,17,72
960,product_960,113969.1887,19,27
6211,product_6211,94892.55362,16,97
5313,product_5313,60278.89352,2,85
3233,product_3233,90449.33994,5,60
9997,product_9997,80197.81486,19,46
5844,product_5844,119827.1351,2,100
4245,product_4245,62973.92654,4,75
5727,product_5727,146589.8183,20,21
9529,product_9529,92547.18297,19,90
3425,product_3425,51301.58605,17,38
2239,product_2239,136769.9029,7,50
7682,product_7682,56376.20089,16,99
1908,product_1908,79915.75501,12,38
7009,product_7009,65674.36149,2,39
5254,product_5254,58661.73066,4,30
3910,product_3910,142214.2398,6,84
9880,product_9880,61948.81501,20,79
7087,product_7087,82479.54621,15,64
8082,product_8082,71006.44318,7,99
9585,product_9585,80111.477,2,60
9613,product_9613,116744.5806,3,47
4784,product_4784,130203.8188,19,31
4021,product_4021,78115.43697,13,33
8120,product_8120,120224.7568,4,63
1607,product_1607,84202.39726,5,35
1360,product_1360,112990.8586,11,82
1364,product_1364,68368.56618,20,77
7520,product_7520,69438.23847,6,64
4075,product_4075,117103.2815,3,63
2974,product_2974,80942.63678,20,75
8723,product_8723,73632.49388,13,3
7780,product_7780,51881.23651,10,4
9851,product_9851,79771.34543,10,87
8455,product_8455,116730.0614,15,6
5465,product_5465,82601.195,13,90
1711,product_1711,99624.72525,8,63
861,product_861,141248.2635,19,86
9817,product_9817,135126.4406,7,75
5119,product_5119,135982.7491,3,70
6202,product_6202,140418.0432,13,34
8437,product_8437,53085.5085,10,73
4606,product_4606,95626.61877,17,4
6392,product_6392,128777.3856,8,36
2126,product_2126,60666.64108,2,16
9519,product_9519,110672.4335,9,17
9238,product_9238,87151.05789,16,20
1281,product_1281,91335.69451,12,7
6975,product_6975,92130.56205,19,78
3851,product_3851,73418.44585,14,8
4371,product_4371,104549.1405,4,56
4901,product_4901,54378.45459,3,14
9633,product_9633,55229.26057,4,24
6289,product_6289,120600.4191,16,2
8229,product_8229,92860.4268,9,95
6674,product_6674,101215.1868,1,69
8684,product_8684,117696.2233,20,56
4505,product_4505,104018.5155,6,89
1389,product_1389,64050.27025,5,37
2732,product_2732,123206.4402,8,60
8092,product_8092,130907.0448,9,86
1249,product_1249,77525.9127,4,47
986,product_986,119833.1527,7,100
9173,product_9173,108668.642,17,48
1667,product_1667,101523.3743,19,11
8742,product_8742,56794.33225,4,60
7862,product_7862,136078.4738,5,73
6991,product_6991,72265.06175,6,17
3725,product_3725,107959.7227,9,75
2285,product_2285,141031.0524,12,53
1303,product_1303,126500.2988,13,34
6745,product_6745,146425.2011,3,83
8096,product_8096,134172.5072,16,91
1457,product_1457,98588.73813,2,39
3015,product_3015,103497.1078,16,91
6175,product_6175,122390.2697,13,40
9472,product_9472,75799.92982,7,3
2513,product_2513,113484.5476,20,73
6226,product_6226,62672.37853,10,30
8591,product_8591,121917.8697,7,84
2401,product_2401,149136.9672,10,83
7786,product_7786,58364.23079,14,15
9081,product_9081,56004.24295,9,82
6701,product_6701,109753.2282,8,91
9622,product_9622,73030.28786,5,94
7314,product_7314,65619.34295,12,29
7775,product_7775,67145.79607,3,78
4917,product_4917,135175.4189,15,9
8218,product_8218,145881.0541,17,67
3221,product_3221,86495.67909,8,29
2145,product_2145,99455.92712,20,43
9083,product_9083,88177.42301,18,36
9251,product_9251,59312.97132,14,61
6047,product_6047,89527.94894,13,39
7225,product_7225,97899.48493,11,29
7755,product_7755,143563.1612,8,25
4417,product_4417,111940.4408,4,24
747,product_747,108149.2208,1,49
2710,product_2710,121236.2044,20,29
7849,product_7849,128058.9236,12,9
5018,product_5018,142401.1613,15,41
4835,product_4835,122864.14,14,15
4765,product_4765,105519.338,1,8
6480,product_6480,75664.69738,6,73
3118,product_3118,68797.50501,19,34
9096,product_9096,76213.54626,19,19
9371,product_9371,75984.83757,18,100
5210,product_5210,114231.533,15,17
6095,product_6095,92978.23741,14,23
9017,product_9017,69468.34292,6,35
1874,product_1874,56124.40754,9,61
4792,product_4792,84319.78472,7,50
1138,product_1138,122387.0136,16,23
8458,product_8458,75376.73391,16,56
8079,product_8079,134822.5009,8,33
9874,product_9874,112284.3085,6,72
6829,product_6829,129143.9548,14,46
2554,product_2554,142558.6208,14,70
1557,product_1557,55009.9964,6,20
716,product_716,121344.4686,7,17
783,product_783,113781.3496,8,45
3727,product_3727,101181.9579,10,17
7429,product_7429,116411.3499,18,14
4819,product_4819,74255.88761,10,29
8889,product_8889,116560.832,3,89
5094,product_5094,103420.078,12,94
2998,product_2998,127495.1622,19,27
9153,product_9153,128078.2111,9,64
3918,product_3918,100469.8751,6,66
4772,product_4772,83036.30749,19,63
8886,product_8886,77241.79429,2,49
9960,product_9960,88095.66739,2,92
2178,product_2178,63023.94927,8,28
4436,product_4436,149396.3453,8,41
6589,product_6589,101757.9559,17,94
9212,product_9212,80695.86127,16,56
3311,product_3311,55855.68556,2,37
3011,product_3011,99189.9666,18,88
6544,product_6544,118521.8232,2,97
1505,product_1505,97524.1786,4,5
2016,product_2016,50429.99919,4,38
2421,product_2421,68390.08629,14,57
8795,product_8795,111391.9532,9,7
9506,product_9506,97076.73701,20,56
5145,product_5145,75407.99085,2,80
2647,product_2647,124737.848,10,33
2773,product_2773,74873.43296,11,19
3091,product_3091,124332.4329,16,33
9063,product_9063,118146.351,16,6
857,product_857,118035.476,6,86
4860,product_4860,76351.24662,5,73
5733,product_5733,57035.57394,14,87
950,product_950,143406.472,2,75
3050,product_3050,123591.1933,20,29
8126,product_8126,65286.47791,17,98
5451,product_5451,50184.72985,17,37
7220,product_7220,113054.6611,17,71
2808,product_2808,94670.86957,2,27
9866,product_9866,112649.404,20,71
9316,product_9316,110545.4222,6,92
5380,product_5380,109320.1922,9,30
1369,product_1369,101156.3615,18,19
4609,product_4609,138108.3188,19,21
680,product_680,100229.7548,18,73
6213,product_6213,83361.33809,10,91
3991,product_3991,55684.51895,12,93
8924,product_8924,110689.0468,18,92
2892,product_2892,69916.92569,1,88
9315,product_9315,122975.891,2,46
2948,product_2948,148619.5044,10,85
8077,product_8077,104487.8662,3,33
8236,product_8236,83433.77458,3,70
908,product_908,149608.6425,20,16
9566,product_9566,127907.6182,16,4
917,product_917,124985.5512,18,40
4111,product_4111,63929.33273,17,74
8202,product_8202,68246.14268,15,10
5840,product_5840,62129.41392,10,29
4818,product_4818,68813.89881,18,95
1798,product_1798,135097.0299,8,44
9813,product_9813,86353.59423,13,73
2311,product_2311,91095.07669,7,75
966,product_966,135182.4424,16,26
3110,product_3110,70890.98533,2,15
3171,product_3171,61626.21419,18,71
2928,product_2928,144255.3369,6,12
6706,product_6706,117605.9392,10,55
9947,product_9947,67980.29372,16,74
5232,product_5232,139572.0906,14,44
4150,product_4150,87340.1851,7,86
5607,product_5607,148918.2734,10,44
5947,product_5947,56395.13622,17,68
7272,product_7272,62777.93932,7,79
4579,product_4579,58540.88339,5,21
6723,product_6723,58354.07013,8,74
8518,product_8518,142075.4952,19,69
3934,product_3934,109790.1207,13,56
6319,product_6319,53041.57174,15,39
8997,product_8997,71213.04153,16,82
9903,product_9903,101983.7456,4,16
6057,product_6057,56511.97044,6,76
4965,product_4965,108129.6144,13,26
4459,product_4459,140083.3139,17,12
5205,product_5205,129007.1198,15,11
7976,product_7976,84794.46343,2,85
8299,product_8299,50724.6022,10,74
7212,product_7212,66949.56216,7,34
1923,product_1923,70485.21892,6,85
3409,product_3409,92395.2506,10,41
7194,product_7194,86590.09459,4,16
7850,product_7850,119365.4221,7,48
3811,product_3811,66652.08983,19,78
7008,product_7008,69793.70783,3,21
7559,product_7559,115826.0226,16,91
3575,product_3575,97752.55635,14,31
5655,product_5655,134708.2604,9,71
5157,product_5157,137214.6709,10,39
7439,product_7439,68432.02471,9,58
1850,product_1850,147193.8407,8,59
4632,product_4632,133588.1029,16,56
4302,product_4302,139485.107,2,12
3865,product_3865,81291.68324,7,37
5447,product_5447,101727.2527,19,42
3406,product_3406,141899.2798,4,64
1712,product_1712,66832.18296,2,36
9989,product_9989,53607.13409,5,8
3306,product_3306,87620.31751,17,29
1030,product_1030,142602.2391,11,74
7551,product_7551,137344.9089,19,80
7070,product_7070,120392.4383,16,88